{"file_hashes":[{"block_hashes":["yXsHFqD6vRwhEtmKcNEMCnN13C8c0/+M4Ye6IhpIZSc=","Z7bQRkgug4wLBUox7hbnoEOZtLTyp30oUWjbFh3QuxU=","4wKxoidWwJwuAIjmXBFkPuTE8ZtufXRQisZfvq2KFeM=","XW4+qHEEMlGELT32prpgK0KxoeGJtQSfw8nuLvK0b6g=","kDS5vI1x+LVZcHlmdLZ+V52HT4QriPevUweOdy4gphU=","SfYhx8gHffCGmVOWa3kwagd0WZ07jnuwycBlaxtZDWw=","X7v8r1KTaiD+tzZJQou56w2Fp/agEGgDieR7wjtxXk8=","h4+qyhRiwxO4yj9R9S+fJjEjItw+I0ejc9brdc/g63I=","ReehJrnNIaEBbfNlz25VKjdiGQ0nYk6Ea2iinjiUbsw=","/lKh0Qro+boCGqHrgf6nrPjlhhSqkaC+ku5ZQmP0xfI=","RtHCeidoRun8Nj/ybn00TxW9lk5GYdVFObqvFfQzAls=","8WT2wKbHrhlutNOwW19b32dO66Y6oriZQ7uHxuwXOiM="],"block_size":4096,"path":"_locales/be/messages.json"},{"block_hashes":["fbkYs9z+hixrhi33ewx73+UKID9WvzQuk8ZlOU7CfLc="],"block_size":4096,"path":"_locales/el/about.txt"},{"block_hashes":["6CMFlgs8yWdkr4huS+Ptzzs8Tc3wKAZZtk6DKZxTegg="],"block_size":4096,"path":"_locales/fr/about.txt"},{"block_hashes":["QeUpi9s7QtLPGVvAtF3r9EqQoyJTppuHpINPUkYWWkY="],"block_size":4096,"path":"_locales/ja/about.txt"},{"block_hashes":["pGX8DebxSHOSt11rmu5t9gpd2UcwyDxQ2NWOLq7jsRE="],"block_size":4096,"path":"_locales/mk/about.txt"},{"block_hashes":["YZecEHhZje6T1mbIPIlIMSW6z8nZiAtz0uPpVuwDwT4=","QqaTW0QzbC5D5mVCDKaH8RkbJS6JGMxDANtuvsQqwG8=","Vj3c3lZMMFicAtOvToZxXEe+9Aqf2ekBIdJ+iZb2UZY=","9Pgn92vKKV3U0OGq6apbJZO2r7FymZLfLvQKRuKFfSc=","NNdWtt1L+apGC92Gy1g3WuCmImijBpOnExEFTuqKgaQ=","Mv9eH5UoRuINn1LYUuvUBESS7zb29/18zg7mOCf5cVI=","T3hBFXYU6vjlcEANSPYPk6zDDmHdsn3TIIsC2rCOoNw=","12CffvXlRmm1e6cfWbBweXFnFvFu3kOGX2OBTMgIo0I=","rFhvgvtV7M7Ody/QpAjBiAgh+em+LWZTrwrDe8loUVs=","PYm09Aj2kI54I+TfbfAMdbmwOInZ+/DvTWKzn625Lr4=","Jsl3qmE4iY+J9mXjrGiE2soqnyAf+2mJiNzUbR07mAQ=","ZtwS18c5lIDzulcLAxd83X+RzoUV3xO0Y5wXBoVS8Ns=","VkaM9xVRgEq80WsF5mTYM+Eu0kKE1BxAWsDlwFf+MPo=","rRZHTWfuAzDCPqm7G2FseVH2RHOeUlNX6DIs4+Ux2Ec=","o9xaZcmH53GrGMGKQ9+gv0gvx7sTtk6KonmY8WKn/FI="],"block_size":4096,"path":"_locales/mk/messages.json"},{"block_hashes":["boYLmI7qORd2Smt65Lsy+j1eR7CD9sZuBTPdDtwX4co="],"block_size":4096,"path":"_locales/pl/about.txt"},{"block_hashes":["7aCAe1Niso3GOpLq93GepAfmurINkBmUpEkJ5lmO8/4="],"block_size":4096,"path":"_locales/sk/about.txt"},{"block_hashes":["VyRIQRtuMRnI/7xFmQb+CLiq49GEh46TuWL4eywgAfY="],"block_size":4096,"path":"_locales/zh_CN/about.txt"},{"block_hashes":["Qj61OKbuoHofWXfN6IZMq7CeY2nt0Yo1L4lhRBy9yyA="],"block_size":4096,"path":"_locales/zh_TW/about.txt"},{"block_hashes":["RHvH5ualaV9sXfTKGSYGZLhhG6LqrKoOLK66hYdrYtg="],"block_size":4096,"path":"action.html"},{"block_hashes":["SNXeJOJzhSczeW83zerALXMgSUrQ0gf85olO6dw0tyU="],"block_size":4096,"path":"ask.html"},{"block_hashes":["tqVRFUenBlfgezxWnQqyH1EgoZg7Mvw5WNVu3FVCcUM="],"block_size":4096,"path":"background.html"},{"block_hashes":["eq+XawXPXyRPALayLxRxQejT0Jp5SiL6+DCwKPC+Llc=","OItde3hb1Aui7fSgpz5IXPVbIhE9AF+kN6nPBQOMVWE=","2Btte9U98Fqu4SMOA2nHUszYVQwd5KFpXiVkWilv/3E=","5YWZm8GRlmlowBxWGL2KlDoBVh2sZD37QFmFqcVlCUE=","F35DCM76vxU8hqFM/lu2BBEzQ2Z6DrwccG0mnNGRkHg=","3NPSxJP1c7w155TC76tsWc+QdaB7ubL9EGUx7JGHQqc=","/7G55hiSpP0as5kwdjDcQ4fK+gBPDHlnFQbDSBYVlzM=","OOzYmY7UNhYKD8NRQlk/VtSI8YaVH1V8kld2IE/N0I8=","e5mXk2dObMclJfDjRxmY2LAt3zZj/WRq0lwUb5s9j3s=","yQkpPCrgmDk7M4HccQ0qux1zTmICoWqBbXN1aE8urtI=","NuzNtp0hVsaOyLPogmNOeZkeQFqi0QT5LbVFdNwzA+k=","55Bx3/4tB2n85VGrdeTKxPBa1hdwnxGEy+wOvaY3Za4=","UgHablELBOCE4kyNVR/STYMn+fHpLoPRCiwsxK4sFfg=","qwoSe2GYF6l0OlzCnZafibn7TlHf6iEe/c5L3jbRx+o=","/bQhhv3nw8MIirn29OxfDs7vCAsQX9TIptOgk/Pglns=","YnoJW8+2eJrmC2OnbnGE94JbVmgy04nOnVlvXn9HN9s=","ZbpdfdkAmq5v4OOLxjeebG5W2ICyAs7J6Thg2hLOPgY=","k6E8weiOj6KtpHuy41bTZIrxjSeRRrHGjcjzlewN1Sg=","iAJ/u79VbcGGPrVmAy0VpYr5VMiOyUULNFtP26SsVdM=","qkzSKCvmoG1vcpZfPTxtJrS/VKmsHCCfGDTh51G8FLs=","4+sx17xGI4bi8E5JNfWOoqsvxlBqIvO02dWYnYvuCiw=","xRDytKX9jaokQlXnnrVZAPD+dOluQ6EbDABG1nQhm1A=","vytoJmKRCMcu026eDVkdnGEayQz1R5roYAM6iXT7Zz4=","FM5m0yANtkNzPgJqxJ8anu4aVjvdx8VAgRHHLsXtHoU=","//85PJQORNR/+lx8/dK0n/1DQVgHP80w/ocYC5Y8NqY=","Mze0olZeIDHSawmGo+SsMdEIVebrgLtkc0f2pyMM5R8=","nFJXGKyahYaI9DvGQBem/ta+mYbZM3cCCLiLRGmmaNE=","3ARkTERNUGncD8P1In0qsAISFod6jRTDBKAAX91d+XI=","v4PmtN6xYdd55V0jNk6wBdQhsrNreM4wRZNzCjOgaqw=","lzw7Xt+gnPbBiIyYy0yB4trU2ZBMrzna2UCdi99VXUU=","5iTfmEE9MG34Miq46ENHOGHF3oKAoRIpDq+SmDmAIJ4=","zFpux+y38ctTOXZcngT7+czRBmIVNt64TI3rX+a8LZY=","1Qxqe4aryw4+OjUStxBYgmR3s2viP5BJuI+nFPb1YU0=","ikuHCh2Ia74FFYznXUFvjVlUJtGCD5glO4Uz8OtW6Tc=","5PJZxK1aI0tsUhpLsN/J1+XDxiqIyRHLarS6j++xo48=","xH++pvHuJpjemfvhOruFU5monMwx9GdpC7GaRiTrXjc=","NftPOyc7ez/s5auPMVCQJ6tSjCV7n2EJucAKl6n1IjI=","JsNpeUW8skAASzmArUbSppc2Fi2MqEhi7YQdiI8SxfY=","OzbpAxlgJRSAg2pRj06KHYapGDckxkTBm6k67a+98T0=","9tLWIfVFTEwTZPAvRe4e9tk8G50WEVA7e40IMc4egjk=","Ffa02gVsrBWg85/L5Mat2BKpFltztaycJj1N7FSxuBI=","r3m6j/erUP6i8J84CECc3EiaV1Fkx4ORduUlqTOudxE=","4aqm2Hhaco1DXnjE/u4JqGedmSVkKt/40SiL/IlwS4w=","Zqc6ELhY9TMALduQVanWDBbZ2QSySEKWcyAsLcc9JhI=","G2RPxkc4/veWSJknPRpzAx0tiURJItL76j5tYTqcmUQ=","K+4sCz/Wf0qDz+SICEh6P2SZXLhwKIQJifdQ1pDv0gU=","UaxHaYHWBGUrWL2hTI1U+k1QKWuxry4btEnvPtavEQ4=","FUlo3T1EW3pwJa5ju+WgIZ2eCRGwU1WsWNmQTlnXluQ=","P+LjDgyFJp6dwtQbUDY4dcg4Et0O7q4+7YvHUshLk1U=","QY/KzOgdvCauMV+waMOnGhmkXnGIjZkSc+Iul+ABAi0=","CHRYftrxpFY7ujEUDIutjfqewYrF7mooCp+Wm61G4F0=","MkFDd4ps76aXFz6t666zug10IYLlqnb2u9NyTLPH+Wk=","rb6cUvub+6dlzALDa0vktqKxdwXihqe5rnpLotzict4=","gHgLr/6t7uuwrqcrOnn+xNyQ7gTAWn7yQxpilJSJzgI=","SS6n8lb0CKILU6cvoX8UNRLaWlNVb6PQTNPVH3x6TgY=","YjjChifWZD5e0nG5P7YUjEIhMW0HxG6rUytTALbVO7Y=","5ZNuqKM8Ws2iwDRvdWQ8gAufI/7tdEdOJv7hWYmWk8o=","b6wc4p1bLYRFTvNmapiFd4pkqz5fZLmwBHqPPOKvo5Y=","KzDxERakIllEPmHQ9OpTD0PP65nmuqTIhzwFezQ9o44=","Efk7imXFj2yq0UjoPfFof9mY+L7JsZCZaVxpGayB0Kg=","ubTqnM6V3VfxmTNP+W7cWLuJBMGT/OVUS3k0ntlPb6A=","wEHIAIAALX/TmeMgHMnKbQPASQjk0BlVOJbyNCzZ4lY=","KkQ0YTn/vM7vC+EFAEU/BNoTcIbninSOxcETNrIuWCs=","fsYqBt72G6H7Fz5JhyNnNvi3SoqLqC2u21ai7hHIKQs=","mAex88wm/gJddkVHoZ2ju528QgrWeilBY9chOCTUnKc=","i2KgNO3VShb85+pjmk9V/U+t27v/aIHchKBua4ndBts=","LXGCsSKqCADr3C+qDBKnEsdX8RhW3VjLdUG2dcZPKkM=","5y9KGLrRoEdqxgNU4OnxkYf7djBj1Z4HwZ1RNKV7G58=","dKLgltwixUAxYpBC8w4sWm+7HjyVcX96G4UyEen1wXM=","e0oMjLCJfziNfxxVH429vuqJAX8aIZG/52kChQP7TC0=","15kcNRRrGClfD+48uvjv7l/dYYW3Fbsc40NMkWQRASE=","V3JSQ+ackHeoWCidtHSnBw+IebDJnPLn/jBPQcYWc3U=","viGXCA2aS8Aqf4QAlzPrXAPczTzi1XQc7XcTcWVegr4=","HXBcW/dnE+W67dewV0rCXcGNYiYXaXEU2riEs6sE4RM=","DaWHONHGjZVzFyMEOmOgKfCmMmww+EoJUu3BoC5heKQ=","DZ4HA6pvs1Qb9yieEsZA3ke7e7S/N2VK99PGaY39J6M=","pGL6OCL7kyTa8lAZCM9nuemSrjwwTNi40KXufMtEJuk=","4w59Faz7mg1/HHucxkS9Z+CB7DuEroDJRhF0eY9VF1Y=","fKaJKVdFY5bfjwi0ifjC5Ffl5N3vGjFIQOxrJ8mUbis=","qwbrOJYm4GPhCh2F+kwXawpx9VvaV9hZMyWoWIDrU9Y=","D5M+MUbKtlGtIQG5nZSGQp9dBJZvYHqkiAWb20r8roc=","9ZN9gTyxvLKfWUb2kZSPoUbw9bQ1Ai+UidmXmloTTjw=","fxAM11ZB55gl71wVDqey3aC2upE7AjjpDZQWbJ1g2YA=","jWJpSZEIGe4ffpPB6xCXiMDTtFqt4oF4uj6ApQ/xl4c=","gBsue+mmcATFB7A8Iws/HjlE08Qb/TsRhWkI8lCDtsU=","kZ2H1DNyEjj+S6OxIjskpUVorEgqw9YF2ii0+twx1Kw=","woMqzYXrdFYJR92HqI/6GeMhHHaziPilP8dWZ8a+Gk0=","5Klb5ImK330K0evluCUPunP6+oTnVhpifXqoUTXkpnI=","9mbQx87p3BQ1lCtoFXBcqWj6yGGBSOGws93TlwLdJ0M=","9ECFQt+C9pzsXVr9QwJJhCM1F/EbMHznvEJllJ5WKIw=","Djau6GKDqkkFWiQCIAv8Du4hkLpaVtLLLR30A0hTytc=","JjFbOkdi6jw4/MDR5EwOvmFvHRMFzugFPoc79xAc4Og=","CDBrhMX1rt8hjPsjt83UkflpzY8vTUcc1G5b+w6WOAE=","htb5RGooDR/JKBmhEYkMst5A0FZShVw3EJcArB+mg9U=","mlTADbkyE4thYkKv0lC64Q6+n4EBo+IBnEcejR5fz/8=","snPE7t90Caoaibz+Xw3Aikke2dvhSQOAdTyS9jYa0ME=","sX9tfxQjPpHniFd2s2JfCamt8padLP57MLOFlm18XCo=","hdG5eu5Z+Mm1KWGkwHmGC1ChifsZKvT2PVvxHOUGBOY=","zS/LlSOXnYe1HgwpqB7Z1cc/QgYU5rj3DMQV1iIQIzY=","fCDWrJTmoNqkEe5od5yHd4pUVacxZIH7woFJH7sPivY=","mljHUmAdSUzLCTvqLvBABGZWaQ9LsbY/1BV3gLnvZDk=","lPTHOBQsM0UhBe7KEhG9eNGhbZpfoW3MIic4ofqvNBQ=","o4OYFHChByeD7fdKL4Bai4nlAXoyysex4merAlj/vNQ=","pIZjfTQjh710IiRuC78BNEO6KyFCyEdzg+o00aUxXYg=","crVqfMx9oSkGdUDRx1p5Ex22wmmu2yf2RVjF/ds5PXs=","ab39qVXdlreAkLDupauePegRw7Uz0vqAvJ6uuxkKgmo=","2FxG8LmXfUjpSVYtFNQzt8aqgwyXGgIpZrsh5Qyv4vo=","+40ES9ana0Im7WOuyIFVzFUL6iKti9oeczel9iBC/gg=","ziu4x8AjXWV8oAoBtHGHV+k0/p1vvfZu/eSkLvuSAtE=","Q9LCESuKt7wAvLFz1dBX3WLg3BE8fFqjy9yqGWsnY5g=","upRPNGBWY8bfqjP32T0+k3LSiU0hrc9OOuBqHBRPA4k=","X7LjvYF6+/SitEE9qR4x5elnl1NwcV4EmNidustLO+k=","zbGziCk2tm4WTKAHjbxEcWOqsmcF58Yz6C0ICaiyJFc=","0pWXVpWsBtqUbwitfpdgbHCqmhiXcygY2kN3fe5kHGk=","6w/g7jkyABIytlXRrfhvQgVHt1gC+skiGuY6tl3syXg=","VJVGjAabxmmCTJ1vqy5jSE6cZSMtTYJARYk0Rqmf9qc=","N7aaB0d56Y6XwZDLyp//jTe9IU1MWYfC1EwDuKCpZ5o=","OV8+uSkjytiWYF/mPv/ruzqSjsRQY2SF8zuO9p7a4yM="],"block_size":4096,"path":"background.js"},{"block_hashes":["zS3rPtUdsQ6YetJNNCrpv0fYNYuO938+Q+x9NFQAD3E="],"block_size":4096,"path":"cache.js"},{"block_hashes":["sPDJ+y3Osom+6GcwkLxu95NhpATHlB8GhfgsoGQvpCo=","ofZHzNVJhWmK6aE6c/6PzN4EjID91Vfr6BUYP/TyK/k=","d0+sZ3HSdXPvnSqxoGHIVCH2b/GiNHaEB6XjElsqRfw=","ix9Cu6bxZP7fqn1LQWkCRgyD+7AOCj2knExZraho8Cc=","wmoZCHMM5pL3/MiofH8io3W+aAntLTx3lpnlLLFmyH0=","0D3vYNVOnLoTNNWAjAJHbE8uoAM62CO/IquV3geKTdQ=","q6SREdlFzwZ1rjLEOmoqKDqTwAVwydn+pkrI8Z77hH8=","5Lcvvvl3BraQB2qPWvzsMZtyoFLR8zl/ngHfHVAxuU4="],"block_size":4096,"path":"content.js"},{"block_hashes":["gqiQs6M6PfimEp5hJl+MV02MRHpe8jUKXVJC18WQbIU=","bdBWQW/l/AkW+kTnRAm1HUS99M1NNzBW1eePDlZsF64=","BmOXNrRqtBpfrht0Ov8/L2Sm8A2JClhCvJU5O10/xBg=","4qLSDfynAiahPFvl5+BLaGVHg3xIGcFbIML0REL9Gck=","TDm1PeTkdwsnbU1PDu2LF1aGr0lr8uoOAct79364CJY=","alLY9Bp7MIHaW4TwamFWMY5GMGxWSG6Zj8eJbpSsJC0=","e+HcuNN7IWosCx2uzV6rEUuuXBd7v68nWNwCanyGezU=","kxQmwo5G2Q6KkqEMenDgrsc2FQjEIAwpRyh5Zkrdpt8="],"block_size":4096,"path":"editor.css"},{"block_hashes":["hjlmteaIgo1nILbLp4iatyO2VuHMgQBqyS8f0nLhTyM=","56UyFEx+U4UKfhuWA0CeWqiAbVLtfjvvif1C7jdH1ng=","PgSP2+QBGWZHgX1pSsHSpfeqboMt3FX+JbHD6SAJhVs=","Mcgcl+shxwbFeqDqcbqSLNvZMx7UssT1zQewE1ML0Fg=","G/Qgk3Wek7/p5KOEwAlC406tZ1j3fHG5HLBWvGf9Zhc=","d7m5eIefUrs9E9gqSBVawRAOF7o+E1l3IK4HqezDsxs=","EJpTOpBoPt/vAQcSm82bOCkuI6w25IPeG3yxI4QR5I8=","1LxFV5hc6NkV6JLXfesq0cGOyRIbAljDPf9h5pI0foQ=","7lLxO+mWFdmbb05qFOpx16AFoU2Z8dHl20czGYNZJ5w=","R87ICsmXM7FKz8LPhINMymHVZGpUe97I6KVYnRlqwyU=","+08eIhfzWj/v5ym0G98fX60m65KmKLB99qi/F0yh1fE=","PCQ2ZFePYFJWWxa9BksZ6yBkQPr2hFjYO2sbjoFmUqQ=","+AaEew7+J4oQy9Jxs6lZqmO0hNoET/osxVEkID12f1E=","K98Qoe01uk8WgXHA96xS3fXDe1Vb338UPkb4Out2g8s=","6zTzysjJkJXWpYL0dkP7UMse4Ppbb1umprd7yfiH3AA=","md1Q0eIEaeOTcvWKdJT778nz12tnwh/gPIo1wA/jd8o=","yOEYBfExCutdhxQi2zsbXCZ9uAcTponNHcqvzYZvwKw=","JQUXCyAKLuFYV1we88ZoaFfN1sTCelvFb0uwCErl9g4=","KMbF1IOORW0pLLLcnFae+puBuvpStAso8HBVbT4T7Ow=","u7/HW7vW2MvLuI/kcSlQUEXBNEu7k1EeZ9WV3Rvtzl8=","3LOeeDqWdblcGXIuWOLePE1LlmUAZ8a6pIQTxdvAXaA=","efel5iUpjQVX4GLXIF4RUyeCCZ7QYLFvypjON5Ndmzk=","rIrjVG5KnMfCLhYOK+VBIOtHCMlJix/2mw3sXr8MPzY=","tdW8Z+AC2pTecE9mkGRBlLuDIDlXXKlBoY9JizMEQug=","ukYMX4RZSP7EWl4jXnCbMp8yLcYL3zasA2dh2TTHOWw=","Q16ZDFlCMwMNmIJLeJdlSzsCMM98BpQXc2s4l45W31A=","mUR/ET/saj2g5UzNeDHyxcMl0DiL1ePE5gVN6I0r6Ps=","a8IwafLDAPssYZIaRRrRY+QQvVzpgs9yXTBnZDP5SsY=","URE1sbexWEUcslrVreWWYQStqbSHR9DnWR75PWNN4K0=","g/ktysxjuLYwE4ppIqjuCWWaXrK40k98zjaRvTQU14w=","zxD32KWLuZ5rvKv6yxP0/UOmda719rFVpRE9ECSNb+Y=","pqmP3K4qkCLO8hQzf2LdQK3dOmNTU/Xevr03c44to+Y=","KaRo4uAQh1v9OIecc/pD69Z1ESO+ZQCI0C0lMRLbuwk=","2QpOMK59/LMewETMwJZAPpsr7DiIijDt0EKuTEsgcf0=","cCI64CrPEREW59jEbn9yNWtRt3DVpSYe8webIsvOsiI=","hFatwcmnM7Br2XRxQKZesCKVAiaWW5TO2vN9Bhjt5hg=","KNml0chJ1VIe44Mg6x/jxUaWWqPdW0igwGsJP8hPnNg=","MsgdcG5YBxqjxTbfG2py7VyKVxon1+0lPPxrXs1FV9Y=","rSDeRM2oCQxIZFJDXHXS3rjETiXtmj7mbf+P8CCLud0=","HywKhLzr/9wHiScHod5r9kjpbZCMWh5VakYVFJty4xY=","q5MKCJIoOdzv+5ATqbpRIyz+TX+jJEo/qDgWS4ThJ+8=","5O2Y4ZMDTcROeF/c6tt83vgwCuavdrWcgClbVT/97Is=","4NVLc1Tw8LSgbVjcLhC5T5foZQIZaDlUNN7XW4lS154=","m0RaJPGF0CWyPOrfsUETrzIjOLphtAwx+qtQrert6l4=","vvJ9toHx4QfvWBipnOuOsXqj3Kf8Df5OUA6agRWpI4M=","WdTB69b7IbGD858wAQOAJT3AxQR2rtn+3FOwJT6VAQk=","iT1pvCgKCuqSaGJJFWiUra58lyTaC7iMxHYGWT0OVPQ=","40mNt6gnvJfZ96R3U+7c1UXylXeepEXERolFxoSkypY=","mg6Oh4qfnd0HP7UgHSr68/V5C9VOVHDUfwQ+kEj4Bgw=","WW1liNOxr1LWJBUgYmejvuP/0hflTUsS1C1WAtbq1K4=","f8EROiGqt0SJBY/VuXrKh95UhLDsVtZ5K63rZCK5Awo=","UNhA0sLoZa97vIS7N8RcM7gyNfhvmsFuaDZXUmPqSO0=","EdZy+75osNXVy+0dQoGJDn1yLeMe/3jGLPCQCntVky8=","4TR980Q0SuO8wT70hE2kRBW194xMnDuE9n5hDGUbXQg=","6YcoWOuf8KDIxKTclYPSL+5Hv9WNTuDt8HeuRIm3B3U=","yObUOqNjF/hdLD+OsFJ0k/hsCnHXU/MpD6IkbQtLXIw=","MHNo16yT9AcK8KZwrwDHDA/k+t7TmkmbFOdXUUJu0bY=","3yBTQZlV96kRaWuqI1tEJNfq6PqsTNReEr9Lkc77Wa4=","exSyJjf1QDdvi5Sht4Pv5jY34RMGc9v1rFtpiJ7cAZs=","91UV1PRdhdMxTlUdjN8wiW9kTPyOV3OHVvvP+3wZsBY=","WQ9qLSSTZE8d3b7u5tV4MdfR0K5LUCJYQnTwvtUV/eY=","coLCBWXb6pqS5dUmLxS7oO085f3e9a3mS7t+tBrqy3Q=","66EOPTgkOOsTbSR91NFFa8x5+u46bYqBdlQhOToNidI=","oMP5XE8KPuKkKTf5f1SMhTyDvW/r37p8sIG/fl4na0M=","5cwIA7EICZ6aa6lxAgWSYBzGllTtF6T0mD8YrxHSknc=","N2NxTaGUh5a+9qkZSiz0xfu9DbDp6bAFuRNXj1GFQeE=","WOguST8IzYKEd+/AhY6p9EO3e7HYadCUmz6fSDag9hs=","KEWHr51W8YRbuS3H1JQ6vTYY2nZSOiG75roG62MttNg=","HdZ1thQDl0y14VheMuxUJdAF806gt5wm8sYcUoDfsx8=","YaoZqj5L6JQPPYVOaKv/rN+agjlXuGl0W+d6EYMx8mU=","ccXmLeChvzv+6hHj+fusPW1vV7jJUskhUGE/ewSkEJU=","p2b00Vj8XUvz+zVr1ob7cw4siAtrMr7cl9GoURYBn4k=","67hocMb5S855yJWv+R7GXAMPZl5LJB+jBKPV2EqmOeM=","O+6DMygQcQFR2NUc/ibOaTSvoEen3f+/VwuJzm+vldE=","aaEBsUOS7Cpx5hvTYx56wEvr55/Qs38vTw6O59UurS8=","zXvZ7W7CYfBo4nmj9yegYNoajlrDFoawlGxF6QpGP98=","UVbKXufmkNm2NZXUvUU70X2sOxVJm6KhfAPzIgCLx7M=","9xThw4yjuzkQDKGOEIA9dsE5+irjYQkzsDxbidG15UE=","AhNbLvBbgRyEm/6a9RLS2XVZDbajPgKCjgekA66Mb3k=","pfx/Yq9hx5OOcRTpRXiWdmfzkCO0UnS5m6P956TIV48=","Cqo8GC28RU7D/SiGI3Aa9/DSGQdohn7ro+jbM69Tles=","ck0A3skUeEgdtfbRbbV0lPjb1rqtFn3ANFeR8drZwgU=","/RNXA0adKG1cJUGikOT41Mtn0xK8rrC/qUmljBcerU0=","QcCt5t1S/NzhgVeEIR47h4SMrESvclyUUohx7i9ak5M=","PBD6YjeX2OwdbwPAAfcM43+8V91xE9XZR4jLbl0KC4Q=","CUovslE+41+dz0StNWUxL0omk4zvJtUzZMuxiTO8Wtk=","4h/M0ZVZnitCXllZXBL3vkkxL3vScVLMlg6uWzc5CIY=","Aa1di2mc+NsdCECRBRDWGi4zGrXDF3ORuoF/bGpPLKY=","lxXmvfK8p359LfYiKJOv++l53DF64VlGjgzR62uft+Y=","tDMNq3HrlVWOUnHdtiVwixI/12Qz9nGgTwTyxKQL34g=","1PxMUUN1VK0RajFTTisDgYpSyxf/ey+F7TzwU6GEJSg=","HbP81sr8R0cd9eoDprfHBFQYb4MqzhM4cPu5ef8BZiE=","N4Jif+Ub86PyiLEsaNT0oD78sQwCM9t1qA7OEiaZd3g=","HcELNWBKkhHDrJrL9601SK45M2McL1MllX//r1DNjEk=","fMuyvE44z25ZJ/8cgItzJG4eVYOMAaMJklp71ipoCrE=","wrV3n+3VphsZjTMV5Gr1n4Pd4ZT62f5izcGvPaEkUd0=","FmK1GZb7tMu263Du5XY/1ae8XFIU2CqyKtpP8oyCOyA=","1uzP4iUKH2oP+IAZcGRdIhB+K86op+Yh0xAff+d5WHM=","aLV8KFYXDZ6kIKg/jaV9lUOQTve/UMhvweRGpvNMCoI="],"block_size":4096,"path":"editor.js"},{"block_hashes":["99tjcm97YAOdwlAy80Cb8iR+V9gdDZBOzL+ujP9WehY=","ehPFQfzxIhv+7cufWLG6tzSbl2ntp/etRZy3ku4VMs0=","lKX5Sl7LsiIfUVZYw4lrJ8d4ljll21eTgmE2QmC6F2U=","tMOM9flEmvtdHn3jS0Ggd4l8L2keFHSEXeYMNHEsDRw=","VsiHA+4Lq0vJPfUGzRXlF/yeCiIE/kdt8UUE07SFu14=","hNKmx10UJ8UGrZC/8+Wop+QbaY1vJAiQGLQ+Cu2mrX8=","J8XgIh+TpUIs3PeutirWRdjPgnwXKQm6xP6GdOEGsMs=","tbWzsXQB5mpUWt+1Y0gsqQJYMI2lqgjQ8qxIEUaXkOY=","j7bPTI336da1leGtrPwVTIuY8Xsi5EcB5ure5QDE+N8=","4oWQb2bKqyhgKLuTHyZw4/PUgW1AvfiZeoCVYkGHDs4=","MgEvwm+YDDDy4d32Oqufe2a5p85wd/O26ocDadOAqPM=","uRyte071FpZnkpiC5+HQ4cFwE4gbMnPFAjsbC464xDU=","HmklJIwk5+kWusizFHNMzJhM3oiDNGiFudMuWrKei3M=","K2kOP9DygSaSWF/Z8vTTtP0pAfsbbvY3HBCRpEjJyqg=","t6/Xjh+MmXNjhrMgnNTFrgwuVoEHCQAWHTJN++vVLzI=","VrxpUal8OMEu4+7RzrD+6tYGhmD777TEtdfK9ranCZw=","R1nefR5f58YW4s1JJ6xbR70mRJC7pzBnLKEYaEpFn1A=","RhpEIK9VGrkJrFUhN88w2tpsvDN/p76P6H08WZcU6+g=","SYYXHXQG7HMDrGyb+Jmx/LY2JSoMsEJ5UdSbrS4rSgg=","G40iT9GAA8jxVd5UV0ewsQQRKeQogyou+PtC6dOB3DQ=","MbEx8uiE4Hileic4qI3F8QuUNln1tSeljrMhgxzQaTw=","ibPr6uR1IJ8pMGet1vYqykNVWS2rjbF0lkxfHM0mY3U=","BbW7ic7Kq9jvxMCHRlB+uwwhXBLg7qxXh+TyiB4KAgM=","1/JStxZNfhDIeFr4vdco5zyXCpeCUR1ShWzusEUEhEM=","I0bWQzUdaKhzAAnYxoZKltyaYWv09+d7vIcsaJu8U+I=","xuUE6wgvLPiFPMripMDLqdSGehWp5B14Xod07Ccu/x8=","LV7IMlUhsgv8/khSN0Ax1zw8RuoxbjavZw1bMwsjakA=","3q+u2GE3nCa6rMEOR0/d6aWe4H7jRcLVb6QO8BJwMFs=","qaipdnYpCevM3ido7wCzoeOzJuk5ychAeJQtNBANxgI=","vYmceA/y2hWkgwBkc3ESAZIykLgDrNCxxf5MVY08ETc=","BYfOOe1Q9aNLKycCWzjstfkCMAsqxXknFN0vixTFnqA=","EbjlnQvl+6NWXXim2vAjyXFUe+33XPZ9qbkzeaPxCRY=","K/y/6m47Ym29QSYVWvYquujMvEYwvxm+HU/pvqLwqMA=","VmEvkK3avm9atCwmiODeyabj8Em8bfEIIoN0EcyOYKE=","3QDromyhlYNQUgS6O8BRmwQEew8WM3NY8k/u/jYzwJs=","e22V/CLZcK9WO+KPRfnp4aTP03L3KOfVPY/tXmKyh2U=","6I21niGGS55uSKJgO5OHXBMebbmomtcza2Nztt+BrVY=","oaXkoeyEksatWEVBKlBVPAoCzfVJ9bmh/Az2u3Z41jk=","jcngUKBp0Q6YB5gBnKrO2A3VH0I3Lq96YHrbOdbjs/c=","gkKTzhAEBYomD1cKelPsLiThoKadViX+n7HLr/yY7M0=","vqCp4oYum5+28bQeGv39v+IMihlfX8Ag/fr/6Ld3joM=","hYCzBa3Rnry4dBi6o7Ck1iOWRbLOz8rw2PxtR3kxUdw=","86uKIg2XuKAjU1o835g175AgvpZ+CYhmkFG/1+NeGBk=","+8pBqZ6MasX2gbIqv/TECiswYfyN2MNPXqnH7VhJejw=","AYTvHnkecSiHA+6q13HhA2Dah4yQPoYiwqiu9UreKbc=","3Kxx0jGh2wE7kXloSqGXeRpex1OM+2eT1kb9g48P4nw=","nEnw0Tnrr69ozBOS1VU9RqCsttKo5VwwjORabUK3hXU=","6jeZJXx8Uue/m6VlH77EC/i/X1h+cIwTzkGaaW0NnJU=","DyK78ybgdA/uygb/t5iCAa3B2L/uXQJwmev2AOAspsA=","Ina1otBPTp4OvuppiGwirKyM7Zvpe17w7poUSNGZLW4=","SdNGC4vZsLXIQE/iy1/1VljCoK3hNu4KzIxtJV55X+o=","mFzS+7RyKcum5U4SPhQAxec2tyIDJY3UvR6QENfk1/A=","35qvbgXYXAM8L2iPQjx/0vPMomBA3ZwUlGJRoN1C34Q=","Vz/xwiIzffJcLHhooPOhth22Xhhy+dhPHNzC9rE56oo=","2mHC/0iDbmI4eBVCTLxJICowBCZsJLXjL3y8JyJ2ZH8=","rNYFbt2iTfD4Xvo1Y1BqSvb5uPkgRuhIjQebCcfp6bE=","Ixh1cCG96Hoy+S+bLiHfrwqkZMuPZWQw5tw2ka6mhvE=","VBS5Pcbo34yrGsr9ZKq56DFBC7kLZv+QmBw5n8CNdZ0=","35NQ+gXQbcbxMqRyvm7xMTT3oZOvWZofIXH7RppbFpA=","002YmcFtWhN6XxZtXGj9fI0j4EDelBlMbjhFc/TB8hU=","GQXAZHWB8MBM8DMLnPMsl6qIC0nvI6kpKG1bxztA09Y=","k1wXuyXEQ/MbY/tfFFeTecgFtA0Mduc8AwaOL3ubiHM=","wiB3A/vyRz0qH+lWqhIEdRPWXZ/lDsFujQRGZZZaQUI=","HSKspSnA40p4kPt1NJu5qcyV7yLtGrnG0F7+Iobh9/c=","8CE8wf+rSRauiJdm9Irm2FLFwkgdMXz94Ogg5/Pl4cs=","/vD+bf6sSvkK/r38veZz1Hp58fGTCSk969GnB3u7jE0=","f4IMDgfh2vU3xbeG1WAMFp/ip9M4LPnbP4CWan0ImA4=","PT0w6nE13VowkJQ22CRUcSoUFOTcYGgX2YdcNU2DtyI=","zBcgyB11p4VEKSElttGQYBcX8Jon+J915ks4OPve26I=","G5huZnqcNKu0KX4nNHj22VMGCW6LGOlKnUIl9vqXdlw=","3hq5yBarp2vwXvUkDT+BNofLS7nnFSWyEq/G+bODEb8=","N07noP9FnM4i/RDTLXFY199AaT6gJX1Jx8SJUlhzxZ0=","VeSP08nexK7b5w71S7VJJLoLQ2Kncx3KG8WPHUzzQ3I=","kMA+h0FrSp+PUfV2BKsza88ImjOIHQvpeaVMlrIDbls=","QY7hNHp1tI+Vdg8YycxgN2ukeU1YCo+sBQu0KwntSYQ=","Du4gI/xUKf9nTHuS/UNywDQ7NIBjjw2giL034NPF3rY=","q5pYfWxgdeM3tPa9XkLqT9i9DBhAmnto7LHJzWuP06w=","pvwfKvC3KdaSm6h3eBn9yBMVLIsOxufv76b3tcO9Xa8=","eaS55uTDEoNDxOaR1cGexynTKzBecA+IWjllcM8arQ0=","7r/DJ/ekeuzdRvd4CzNxC0gpr0rl9zeOo9yWRKwccM4=","BVkRSai9RI+WzIzE6xqE0Oeq6KVApqG0zfo5B1mZOq8=","3kL+aG2r5kO9CXNPiKHgbXsF9b+YPQfYzfFCc3qTReg=","+z3spRwwfn1OtOqFvhsVKUW9fNajAzXzz4naWTmWJ7k=","SQOvmZC9Tv14f9aEAwIcUsghKOmKGDTPmV0tM1OtKGQ=","Sghlc4UG2o9HdUE2Z9lfs01xVTCkxV4YU2FvP00Co4w=","QnqDyYXCvipUPp8YgCEdK0xPn/ps5XsgpfQA+t2VdjA=","ImKz0c4cGNPIM0rW43czZQs9vOmBgblu7BRbBCAoJ7c=","yJro0rtI1vPrQgRYpn55678WV07l2MVbAzt0LKcQLns=","xzYBpZkILzCoz4uycVNDyNhW+gcoCTOZDm4TS1QrkDQ=","hA/dmFxWdbbn9Z9H+nM4WL634g2K9OudHAZSoihC5vA=","6Uylkyt98zHNs+PJSZfEcxwRqoveKDV/CjxYNpXpbtk=","xY7xI/7XuBzHdJ3N6sic+2XJbqbcpKTQ8LoXw/biICM=","hKz7TkHM1aKsEGbomqdYOSk6oizDGqtFzNbWt8oDwmc=","iZhskN9/S0U4kIwZt+iJWhC53uHyTVaTFxD1GgMnnUs=","gM3PHuCANf2kB5Chf7z76ratbhMuI6GxtuiqxoeqaoY=","za0SLcS0vGBnBVHdtaqadljAa16OFifOLLCIzw4et+I=","sNkAtZfP5p4n5gHqb1GYKbnkLrGRrkipIlE3qo4RCKE=","AD9aN/W2+Dl5gg8hmDXrYMWdTktA1ukA+HI8NgMFfbg=","7AJAFobnorqfUHoh1Hl8utX3rqsP1JNOr9GCgpJmhSQ=","GWHGrztY0V4DMO3ZtCGQhLY+AZsIMwGW8mgsV55kl6c=","mt2nqQ1sCs3MTKyWE/oEYIOfZRzVdpQf9YT0tIVxWSQ=","n3Ob2mfogFb8SaO1lCVKD+WfM0fyuPK8uhWAJAjGvg4=","raxBlZThVymwmYfkxjSAVfy9thNBDwensoKw+NN35KE=","P8Ooh1X/dxq52Dr+kHk5Zr1tFrwqC7y5daAQ4iPc8YY=","8Ndhru7QYyWkPA+FiqCzB5s6gP5WaCxCaHBJTaxlDjc=","uACZsV+l1gkQtZQbHu8mL2N8YZjgncO7D13/PJi3PeY=","4y5aWqYAn8Hq4fL5MptXfrqssXHS3fAK3IbN/TvKfts=","5PYPd9aNfdTCXmbh6kXv/xQNk+6SAalh0WHlVaUBi3k=","JgUKXR60dRXKpXJPPDBLyZoWB9lTgj7a+38zCnLVaII=","z9OQtvQR+wzSKJpJgtczJpe1W9mRBFDBpKyT7ORFNVc="],"block_size":4096,"path":"extension.js"},{"block_hashes":["h36a76SqpJ5xym6HYkCv0tYVVbfoCIDtsDWRSdr/x2A="],"block_size":4096,"path":"images/icon16.png"},{"block_hashes":["dWHivAg/wJOhewb4suyKWImoCBNIWIlI7r9T5M6WI6Q="],"block_size":4096,"path":"images/icon19.png"},{"block_hashes":["8wMGrbOBV32Iyxz/zlDUhyQ8F16xaila6D0l0tam7KY="],"block_size":4096,"path":"images/icon24.png"},{"block_hashes":["iZXkXvN4ECBcRbrsGg/Adb1Skt7nm90JBxjh2L6xOzk="],"block_size":4096,"path":"images/icon32.png"},{"block_hashes":["DG/cN6iKCjPk2sDKtZ+3gOaLddo/YPFC2e1FsivczWw="],"block_size":4096,"path":"images/icon38.png"},{"block_hashes":["oKpD9eN9FaiDE5+MnXofi798BIdIhJlIwNDtHy9OsRI="],"block_size":4096,"path":"images/icon_blocker16.png"},{"block_hashes":["GLcOpWhlTmhTh4pC5tS66WfrUhYaed3hexuE54yN5rk="],"block_size":4096,"path":"images/icon_blocker19.png"},{"block_hashes":["3FaqN3BRdEKmYgyxd8aimyLX9vNMsfr9Vlen+myoaJE="],"block_size":4096,"path":"images/icon_blocker24.png"},{"block_hashes":["JWua75YvMQDHo0/rPcNAEZO7joUBs4Q+Y6wow/01GK0="],"block_size":4096,"path":"images/icon_blocker32.png"},{"block_hashes":["S94TI7BsRmHAwmSejR2xbWkGT8A5bVEAXD16KcXnKj0="],"block_size":4096,"path":"images/icon_blocker38.png"},{"block_hashes":["qVs7ZS8dWaxuhwd64YjgHHQabpafvCJw0KbVBXl2lyg="],"block_size":4096,"path":"images/icon_forbidden16.png"},{"block_hashes":["pCSX6ul8Hff++kwp1GjU6SA+sFC4Lhw8PXOmUjyDXPY="],"block_size":4096,"path":"images/icon_forbidden19.png"},{"block_hashes":["JrLS2J2VFxqXjB29dYXSQ2lD9jSPjabkjEeLaukugTs="],"block_size":4096,"path":"images/icon_forbidden24.png"},{"block_hashes":["kBIDNLL8CPyq68jA8HJmj7Xu+DMgFFeioo4NdvALjtc="],"block_size":4096,"path":"images/icon_forbidden32.png"},{"block_hashes":["bXCoKHn7xadCwNO+BhyhjiKgPkUy2pqTREbY9ILNAbg="],"block_size":4096,"path":"images/icon_forbidden38.png"},{"block_hashes":["KyN+sgPshm51Y1dVftP4C/kTuXBaWeE3s48YYyc6Lzg="],"block_size":4096,"path":"images/icon_paused16.png"},{"block_hashes":["0C8xY4kBl31fFkFnGuY7LBY9RgbXNzcc7f2gms1wh5E="],"block_size":4096,"path":"images/icon_paused19.png"},{"block_hashes":["ydBSO+sfQ5e0a9KETNU1ZTBAEJ1lXcVrnj6blpR43bw="],"block_size":4096,"path":"images/icon_paused24.png"},{"block_hashes":["+jv8peA1VI0oHkZb5xn/OF0fsgqyhd7+Xm2d9BY/ji8="],"block_size":4096,"path":"images/icon_paused32.png"},{"block_hashes":["IMclAJ9gJ+FALV2gnHRlJ4WiyrBxEK0eqBRg3DUR8DI="],"block_size":4096,"path":"images/icon_paused38.png"},{"block_hashes":["Rxz+9hoL1iNjfZExrEaYlSADHOl7WLwbTbokf0/+2fA=","PI8OxiuDz4LO9niGl3uv1ieRCgEFhi+CbDyaqlMAqmE=","N/lcJXUDE8Tcow6GnvmXvzWITL1Q4x77pT/iCeA9qjY=","Sbjjt6JHw99u6QCmFDrke4mkcjfFp9hafpO9TL/xvGQ=","Jmz/uOWgHWYm75EWvf+FcuNbT/JWWEe7aBwlMswnRv8="],"block_size":4096,"path":"images/txt.png"},{"block_hashes":["GSpb6Bs4ASJ6Ivxqm3yg7GaBFwkPFUEdB1Cll/IRrKk="],"block_size":4096,"path":"LICENSE"},{"block_hashes":["WSFrcVhD/A7IFA7k9X1PIpCyv1tN9+emXMLuLK94lmo=","uqWhx8hlXhTsCAT0BrCZYqfjjG59vBxuKCwZaLVyE0c=","VUTSCB0x5MbHOthvd7m9ne7RRe3yMP+RcDZNaHFUZas=","+8g1OnnZfFqusr4tCbsnAh/Jqc+zXTnJ/ADCBkOiosY="],"block_size":4096,"path":"lint.js"},{"block_hashes":["SNXeJOJzhSczeW83zerALXMgSUrQ0gf85olO6dw0tyU="],"block_size":4096,"path":"options.html"},{"block_hashes":["ZvXoOgSNDu9AOcPxV1J65mjM42HfvftRY5fIjN0MQFw=","AqehEKSLh3TR1fHryUA6Lpt6naPeaTAwHCnfg7ivgK0=","yKKG5PRhXmKEHh8bmR/4ecvYzrSVuIvGOLFkDtOtmdg=","MkNt0ch0BCrwqGfmP7EpsHpIBBuqJTQEaumcU8SzoP8=","ZcWfZaaRLOqd4UC8JHxwPm7djZpQp5ALOMqK1wyYfn8=","F5+bzEdepT3qWGdQh9ZOUEjJHiWw7BWd/5M3np8abWk=","+RTmlF9MXF6i0KJSgcD82G1DzPmCsO/hOpXHOxXpQKg=","vyRyTU7EVZcmY7HKQ5qR7XMUwmv0lLvcKidU0kXYkNk=","Nwg+Er2jo/j0L4LxjJQ565TtJU5V5KqJ2wIpFL0vzPA=","7cVg8X+mDslXzJ86upZGflPHFPzZyS3ZMFi79IqfSSw="],"block_size":4096,"path":"page.js"},{"block_hashes":["8Icz1scL5GmXcRGVlY/Vk8AONZe/6GIwsj48yCPadUM=","gmqOZmNijojjHm8v+dlsPPp6LbgmQJJVAQu0n+uWe1c=","u62aupX09xqTO78LmByjdTTTq/T4nDHQw4SLFa9etng=","LI/IZwGSdOBGhp5BdhPX+GgvJcaTJ7V0Mpr4r49rkfk=","AXupbOmHIH4jaIbJ1eAgV+qwlMlRQqI/f2+OVptmFuI=","nWiSRl3DQb2K8yIS/O2AzvZ1pcKeIUX7x6iEI2sOCYM=","4/ufr49lzzbJCn2HQwUVVEwwEjgWNjG0VVzu3iJrHU4=","GtE7G8qud2fNjhXWQlxyESPSU6ABwDQcNByTUV9M884=","UEQYfHGtrpScUFIi1pokMQMSMidNrU8tHOahOXjHSb4=","z9RsyEmIG5KNwTjSjl44J/nxCerZHJycEAyiquoM7Bg=","0MGaFgtw1Og1cuGosj6+w/tl5+KptF5Rl/HgSUve8A8=","euAq+x0YAJcRIqtSbIhjiD9R8QJJ1Gj0RLhDAXZiD5U=","D++pQ0sTM6Aglr947njSHknC/y75KvWiJyRz5SW86JQ=","0dF59259/YE8FI3x9ARm5qKjFjRBdaQ7kwdukQfqXr8=","9bOl1M+P5/ULGmS/tUyDfZPfXYnqDXlvQOeCGP7p/NU=","XkL7mXRRXvzniTPNf7oFg5+5jSECvMxfUxO5c3HNV3c=","3Psk7IXX/ewAlhrKbHF+PFDh7Lnhoao77TQgZ/y0/ps=","E4eTymD4CQjLBs4vD6AHa9yscaSOxFxUG9z6kp6syTU=","0ymN38S2C2yBXp9ih65P+7LbqZtJaeTT29rJjyYDgDM=","jWrh4LoQqJjMmucW3VxwvwBRKGM0WG+/HZ4tra5SP+0=","QTMI7bWlUTTO0cekkzbd0hx0OeaE3PK3honNCsgKodY=","DBfcA8GFTteBcc/IThXM32fDnFe1nX1uH3j6ZP3WMR8=","QLFMG4a0otRLV4kBHWC6+VRno60UQyKaJ25Hr4ywqcM=","PKX9lB//pMTDih9gAHrvIr6q0eneCzHAIlZQUv0U04s=","AQT5Od9diSlWa+6M3Ad2yjGPGBh1C3lpbMFwjeY4c70=","suceiOxVM4ViSgKWc1dDqS6eukyhfrGpQkLSsGJ/t04=","yxN8wBB40y/ElXztfrPnu+zCuOWKqUUoZry70hHTyTI=","G/eHgIZ+tsa/5CYHlam7IB1hNUpYFqcgkxQrHLACo5c=","9Jtn6eNjrRnD/OCBnWN5z4VF5JVL8tKSrR9XPaPpXi0=","IHGx01xTvgCYA6KF+JNuo5kJeoabEJzX7hNbaS3MJSw=","+IQcorABur9bVpZUP6UdHH0AOOFzNns6kComAN8yn6c=","Z3HKwHC2AQ/Ntq6RukhXz/LllBeCTWeO0ftCZsPda1A=","5pOYn6ZXEOOSNYiyiBOzF10uKTXUbFQlrFjB9v2o+Kg=","UVL07znl/hCY8MDhO0Y0qTPHwEWASskLzmYGvT137/E=","IDLrBz4dNtM9EsFfBPLQ4yGpt5lbEjGNlPRqHWX9GdU=","jrW0OeBYNtPSbg3+15FnXwCktawbR2lJGmsGAaiy2o8=","mSfCOoVaR4XdmrbuRT8uoEit3tqrF0rXQluHsBMmOS8=","KL3XgeK+3AbezG6/2GVA8qpf48vnBnx67Y0P5cg209A=","oAbbW9QYWn2aKcWyk29mnVshQKypoHPv6ky5273hWDs=","lq22u06HyKhMzwHozu0oY0tglUXOjsrMI92PgAsCfhM=","J84H8XAkEAXTsWupdxAPk7dhwio3AqozHuxgmXZtznE=","BjRVqLRMxm8SxX7rX7tpmGU4TV8XzJKgb9Is8uTN0N0=","EH3aokAdChXh0I3Wq+7pqz/jotg1gzptE7Y2R47TAiU=","4kY9PV3GACvYAuKQlC+ikcw4B69RE2xSUSCuJ5Gg5j0=","zNBT7uwsBhnCji/blThhxDkE+wDJbNUlna9IVJxEd4U=","tpN95ic8USYEhZSpAImkU3jMdzmjCsryDADttl+Yrj4=","aNO0eQtdneqWQJiw42ov2VlFTXIJotunzJiCCA+fhhE=","Jg1bVC/ht3H/ldZ1/8eQoxJ2c4I/8ZZoxIrvXLH4+v8=","Q5zSIrFXaVm2X/lOiNWJab7uHxlf8CydsHfeOGLwHWc=","et+UP8MFWyR/HkMIp5o59xaYx8uI1W99P0qRGObiBAU=","H28+ZFbK2/jq12R7WKjDxYFCkCj4TK2Hpv8FNf53FuI=","XzLkIyL1t7cd3QTRtnxbIKEcweNFaob1eIAgIaE7tuA=","ZV5DQCU3Ce16CV+iTjM9oSl2ZH/usnePYeCu0oKNcGM=","Mg2dnDlTsb07HESCpQUQyTLMvyQ4aoeyulFAIFKLeT0=","aNHTRwEhadctNelj5Qgv6RV6qtQKAq4aAyQl3Mrzgg0=","bTn2/cNC6jM1DSMN/rt1Ip6kcKrKXKrSsVmW0jbz+KQ=","PWlf6fL9lWVAX4pCldRsFkdyj0ULPx6KU1u5ouzpUuI=","od13g2BIIi0CmjlgEOFkdXV59r/Hved/ODfJ8KUU3lI=","ZlQyz4wVFuyZC6sj9Smsh6ZV/NY+hVN+rgCHOaFdsng=","OlaCv3DX992A1QTQLY24kbuUF11XP6lY46TsoT7gP8k=","j8/gKNoaYiXMC9mmxeDgmbDHw+JosNwh5RD7D89A7+k=","GscYmrHblz6H+COsVz8pwr9jxfBX0cTAynp2uVQiWmI=","VzUTwlKmxGhrEwALORMeFlcWDc0mzoJ4RumrKXE+n+0=","cQChqYVp2rwOXxLCJQoR/TnMmSNVf2in0R4pBfDMEnU=","dpJZGV20rj0JByvQixEEeB+bhlTWz3tj29A+qZIcYmI=","+V1Mtu0UOXS1+xEVatEhZ6UhnTFbCjg4YMB78LYERJ8=","dNGPSawcSifLhsCiwTcpkS+FgE6euYasYsPMua24bIM=","U6qdL+i48wqUj/x4JQetFc2T7KNL/jy5ivuJYQf1nSs=","Rc5yLFnbNxxZOL00zN5RUhz5fogT0zs70vwc6ou2ZS0=","MViLE7K+IMzPIyjosEAdpyzga6M4lvqtYTMl7jht8sc=","WzVm9wfsF9MNwqPFTmpwu8HrpVzemqMmqyPOzzVYsxw=","VgXQl0oqIMkxEK5ZqAT9OnKuI6kS7xy/1vUYIsrQPto=","bHYMzrc6so6BhA8rOCK5Tr3nDlhUZFga9wSRoIxR7js=","HfN2wPK212HrXccfJCYqgQE6kngyBZG1sHzdOPR0a1Y=","FlkS9OY/c3BAuQfaVO24MBDLEZK5kLv7VAbQyGxVge4=","BrQGpb5o5LwYV0ekF6OrSlc5dEWP2y/HTr8Eav8WBio=","gAvQg29/7PzHC8t4yNE5MHOhFzzruAih2WA2KqU+PH0=","zso8M+VnlF9wuJRhNATTRFMVyjuuYwJpz1KKTOlJZGc=","zQMnDuaTJrGDcx3mUNczVy9oaCthbA9/BUGvae4z290=","mT2BZGXEW0Q579Y1RFk7xMto/lSrk0X4J5oO9BkPkAI=","BqI0A5M3OMiov3u+nmOPMFKytzJPLlpAwR00FcVDt6U=","7Z+8Z/cxh26YRpf3BXZlfZIOJycktXGWM9O/OD59q+o=","2iKyJUGbOYKbVjm+WS2cBvmvey/s0O+JhjlPDuLhq0k=","ZRwEqROeNyCY9dq+ELYt+we8Vw2bFNF7P0SYX6Gxpuc=","pIuqPcZi4a4AO3FNLIJLgWYgLJXsSpm37lKnvsxxDaI=","FFdfaOdAEbq98ZN4LMC64VyuROLg37cNOq+t606Dr5w=","bYC3sZAdFnsuE5ZZv+dGjIxf6l/3jPTr/6QPg10osWk=","yTmuH9+Evnkzw0v23UpzmmDzjDDwpX8cz2wmuwW6xQQ=","F4b6FPdFQlOKAp4T49LYmrRpXYZYEdvojLSJ4BBPnPM=","bIrSDvGdgE4tj8rv3m7KHJoJcBhoawx0nTzwhBqofg0=","iVKpdeRtP1+EdAT0eA9a1uuMEPxCJrCBmM02L+Ur2tc=","tIcxz5Qucpr51r3qHh5geOy4FyWtkeUMrIfLBHR73Fc=","/4Whox/LE2cWZBRN3OlDcfWLDXKFNaunW7RDQWeARpQ=","8ytukm+OEv1s2/q36bAmPM2jFSSSfcfWY5kbw22ADp0=","1TGorufpaRUEJGHxkIMuouxILAZ/v3O2ytbGF8vOJyU=","kGWak6lBlnIKted6QFU2F8hKAuhEDpJsL+MdpxztBtA=","qmnsyikBoYgy4V12J1FpsvpXsgSYscztGAWqfsvYCsg=","V2xtZ/xOffb1Ksq2s1YT0MIQGUb2h7xWwjs4r7MfLlk=","t/hecVQy4EjCtSd984F9HFdR4cM9D6hGmKYKTznPzS8=","p1KxL5ymfK17EWgt8Or9yODDpQqcTN/aDhd8LD77brs=","Bx+yteBqscuRb7bq0veQV5anHk+S3aqNkwpI8C8cbcA=","tUb0xO6ZcLbXbD0Jg4r+NEbCvsCUQ57xklQyiFc2ysA=","Ov/BzDKkx9lSotjLFofL78lUC6ummMu1Fyd1pFmmjTA=","fUaCONfXjjQy+ia8eZ7aRHoaiBEJd2XRUrPU78XwJgQ="],"block_size":4096,"path":"style.css"},{"block_hashes":["AbpHGcgLb+kRsJGnwFEktk7uzpZOCcBY74+YBdrKVGs="],"block_size":4096,"path":"test.js"},{"block_hashes":["LfmOq8P71HpQ21JpSQFWDze7zqRzdlXph9Lipv33HPs="],"block_size":4096,"path":"userscript.html"},{"block_hashes":["hfBv13jbI+Igh/CcZ1Ufe6CaB47rDiQ45HxJV5JAcIY=","G6iIRLdJlhvXWMMscBN4cuB6Q50hLwvg9fOHC+XwT7Q=","kPrQGyeAuEwJxhKaqC8qbu6jgFXdrFXH0UMB44Gj7eY=","rEFmHunHtE1x4fs19H88+YTbAOec9+klx306JBXtKrI=","S1AC0DfU0gYK77NbnkBJJaoqdgJFGulOvxYYxtyTV9Q=","UqgkpTWZlJUyLhxVTkeVuc9laFI/jHgxpl+UzS1B9z8=","/cb2X6D5esXMS2AEEDIuIM4bd/j24sUVXcIdaQaJcb8=","jroJY1/Dk9Y0bCiWqXqqN3FRjbAe//fka7sgYWdTUKs=","kojH6io84KjEHphFCCOcvzq25V0gVorh5WYmXJvMjZM=","6+Hjuev48bD9uQAil5tAfHIEMyHEtpIXPLjCxC3A2kA=","Q/feVaCC4xM98JjjEx+XpPCDqZ6Rt5edlMEr9cAIHhs=","sz8UGDYeOUYWgjOM9fkK7AhrO/96bqXKWqK8KUYXquQ=","7sQvE9NMDb04uIDlC/Vdd46DCCMT26lLc1SYf/kdIDo=","ajhfasOl57lMIlcoyuHmk+V+A8Mp7E2AL31wf1K5jTk=","hhiEC1F72Tg6UDrKkmpQoEf7czJxRQmzY4lo7HBvnT0=","b81RG3wH+S23qmYxA5pISzsy9MWGjBMBMJePcbf/XM4=","U/tuAHDRwh+tJuQt59GHTKqasXnzEe9YduNy+H2r5Gk=","HzFZN9QZ/NYID0TpNMJVHnQJMA+PdLNaOQE1KJ5CX84=","w2iJbaUxv7wv37oobRjMK0dLpHCGW1G01tMw8KXVAwQ=","jLTbnekRzRGYQF42pYBRWiJanx1e5SWcdQe+6lHHoTY=","HfNUlwZWW8u74UMSZXouLIwi79xHaVBZb9eaGzO/OlY=","PCa15vEPy/mwIym2VOKYsC7ay7FK46GbRf737rkiCvM=","chI3Mm9U7A7IEVfsVkV+jq9sWGmdpo1dRdZMo70dtUU=","pmzVQjrstvmM4Q21X8pq00zVB5B+n0CwTvmGRf3YgmQ=","3B9ACdk7IJYqjGuQsCawvZc2wGka9PjcJrE1Xn+yNOo=","rvNBxMLG93Inui5iaPObRErXzogDTPp5R+GYE1fT2jQ=","W9BkxHpQ2JoyeceoKgL6Kg/Yi2qW/H6kQkj1bRMhnn0=","rJoLXiHS0lazgnaVCfiJPT/byOttIN5nqM42U+rdzH8=","ugyvDww+IB11LFSQtQ7XiT8I+0NcE1CNPPt1b9eOuIA=","ziKlkEOv8e0s0IkLcB82Bd1PI5c7DOjGXu1xo1ImsHY=","cx/MQB3wtnawDrMkdQksQ5cYo689ut6AVG/CXNhe3xI=","XaNrCdEF8Y7/JgQ9k5zjCkCjwbSO4EKojEuYQ29HzeA=","2OtqvU4hhcL73PufL2Ckh8hL4fovuZB9SuZ7l2rrXgc=","hiZGvSfz2GzmZG/4lPKs4ofHdLppo5+mz6hJhcX00xY=","MhFkyjSWGt6RmklI6PxZQTAn3OCE9RU3iLPlBwFs/YE=","j4Cw/gnxBySpW2e3jIXE7ethyf3+R6TF+fKtsPj0QLk=","VQsf6LSVq5VXK6W/lzMfue8vvk4UXkJBVaAX4OVgdsw=","S1NTpAJSOiRaMeyZHpEv57XRGEf+MiTTg27nQr4m6Y0=","RrdTrc4Jc2W+hW1negPmTgS9sx/YxUQq9I7ZsOg0/T0=","Iq7MzUHt7wkt8FPUayPy3/ulEz2mYYBDdNiLGaQqRrU=","JWepbgi8yqGEruwxyMW6CFhZyJzu4b8PV9L0hESnzpQ=","28DPfY3hg/bS5awx/vVuIPrVBdVC1UfszfdEEqlXIRI=","hsOyvg60wOrCwJlUWh7SuNm3LN8jjsaN8tebnTmmngU=","FrtRbeaAOtUuKaTXHK+cQrCxp4m+HNcqShNEoBLojfw=","1fMT6d5cLk/jQcIvzgshnitL8TJToA/8eAk32R503/4=","34Y0i0GJSVSFA06aMwuKLtwVXoaPj7/KgmuCuU6uhxg=","isF6jUh7lKFT/s+LqnTwcRdCcK3FsKqBLK/FzWKSgWw=","+t+v+CXaym8wMXC+fCYM5B76YwNHwQX9nd3nU9tXBEg=","7BrvVJ1S+qjFir8Wv20mP8Mb/0EWIVeqoC1sxonzqV0=","rOFqWso7tu1Nx0vBXfZ3pHtLJC1N5I/ooBQQwzCx2qY=","GElWO//1YppO0dizEiWulfnKSFez1suBn/C07mCIBes=","5BuBbGHLYjjqcmmACC5VXeUitlZ4YHdZcahPDdgwWLc=","zRA7V+uBeOZ10leSCxuw/NH9nTjBTw+ZFCLImHz0rzM=","bNWXsqtRpBLESKT6YlcKfftv04WLk/EYv5XjeMVWA28=","A74OHk4IhzXGBVKm/4eCkZahYDOyOIwbUISKutTz1KU=","fiuhBWa8gvaO4N622UVlcrbceuz+SzRaea8NOmmmTeI=","EQH7X/SJI83ZNDd8hkSTMmfmEhhLPpl/ItRxzqjt9yY=","xeT3q+hTXY1krEm4OUydGWBPevNKxbba21UkeKDUu/k=","caNRHeJXztWkJanD1GQ3vSgUdeus02JAT5TRo+Z7XmI=","tvDhy27oXa9Hgvbp0iv+UXVFjE0B+VKczm32MC9Hgbs=","DPn/K2rO6Pe5CNuoYtNPbR4yvSjJCzbihIK6Acpzb6E=","zW2q7jZO+8OaENEruikkED1b0phPCFgKg1pHmbHPWMs=","9IMcLIgDgcHLilFNNZEVXaoRmKhHvqNhPBwRx53JIzo=","dfrByvIEYiEgitEn21/JuV0ft8acZhaf6oCO7Rw64E8=","1fqk0xNYoKigQNoRHTkUWgcnNDYh9BYsyFd039F1OaY=","fAXa0yEUQHeAS/WogKfGecNxYbbBHtDx7UDSsJFUhfA=","fGIYhe8lFmTBIMLjps5/eQNol9L+u9zSqthtwbbmIw4=","p6yq8dePq9WA3bIhbFDQMfw7D6fcvc8YqdejY7K0+Jo=","7Ms54bg4DX/sXw6Bm/beAQSJda5PJjzjWvoX95WLgWI=","3YVas1n+tatiiY7YR/MG9J9jNE/EeSG+L1HDe8pS/hg=","iC9Xk1xJZAEK2a83wu6mvBpzhlU8SarMTYsH9465kDA=","UOIA/xG2XoYynF//i/sNGtnpp9rLVzPv1xPdF11PO2Q=","K5y85PGzIG+Ido744wYuzIfnZG0g1sktHqzeJQYNMWY=","6/TAkXlUiYTEVCfobJtVleVcR7yKdIUIEKXq86AZX9o=","KK1xesQzu/ivvKXERT4CesCnCvtnpe19elnMXj2hpCo=","asJqEwuwNY1F4l/YCMQW6+nJTuW1+7enJO4wGJDwFng=","DqZDVdiGJTIK0TgpYU8WoDpK7J0F7FDlq0XK5zajc4s=","KS1LCbekQ2OuiQxJILeitdZ0UW3Xy0qHtI5RdfLbscA=","R8AXzLph9J3AtOSut/te5E1qi2kpCAtOOXzYePiK1qw=","nuvjosBqKp03dDg2Pns6ty8POAC4B0gh/z3DNB4bHAY=","c1ZLJSZOMpULw/8CfKj5HKbNjY0SLKKYW+DBGzfrk7s=","CPHwpSPqWsqztovsjmiB+6pGQKVmQNdKVZ1FdEPCpfA=","dD+i69Uocu+5COtSnetFjWt0oVXgHRIUrvCfrQhAGdU=","65XFw/FJgB9TVMTNoufJSfCqv31kFXLVx1aztYFwMWA=","9EG44pEuDR/LzJMtdMGv3sZA6OgebEyDYnpoaF4W3cg=","sYDX3COcSy9F7JdvDdYAbjj4hMGtVh/2oF7iapUH9i4=","xl6UStBRdXxv0RcSEivqZTA3M+kANcC9Nyh1TkVVJsI=","CxGTp0lkcP0iwknTD4wSXfCdsT1OHbc5zkuKUxGMWG4=","8FPPwcIrVMnpeJNLs6Y3Z42MM+07SXz5i3eq2jCggOs=","KbqbbRp6vkgV+aHMkrnPJMnEFTGrx6ldys5UWNlveI8=","RyiIecM9zgADg4zZiPLkrzvQYgrdg8ddfTApxLBAiPM=","pDiBQ4FpoTgbIvNMb7JIYxWi2C1uokOH6ibNJGOFERs=","z4As5Aq7nlV3zmhazCUoIYFtY2kLyh2zr26279k3oCM=","hrVAtRdimMllznL1PmjUQehcoqxrN4cT0p/vt4PxzgA=","5tih0RKh04aJrao89Ww66K0HMnMqdpri9hHQIsTD678=","5QDIE66cHTuRRJjWxMLhn82MNBf3vODIzfVVNUK8tZo=","t9xf36CJUIFdKJxfjegnLqYmDAPd1S5gQPG4yMqxvvw=","qKMOBGSVxH0t+WuUohAav6fh8FJ4oNkKmw2O8Olgj0I=","PAfNMYvSXxIpQJFFEQPz41YRGfP1kBDABE82uSlGgvc=","joRNc35VrnYR3vRi2SEoVLPUlKWZc7jqrYukeTgtu6g=","aqvZJRcT50RKWW9dBf5Olpzw9dORbiWmCIwzADhfNC4=","bUBqtbSE0CmvGL7OWCArKGVr4PLWDgCCgL1VfF16fmo=","HgIVeTKjZupq6riyYmw8X4vsUs0DC2aFIjjHluDi+aM=","eY6R6KGjF2Q3GELKBwgu34CFZnKp+e1eA/cmHFIe8tc=","r0BOY4Nn63sex1SQvnRD0RVVyXXH44A9XZQ6iWb+CTI=","dCKtBKBcLnav28m7sHSrbQoHoA8pCSrauCvHoRnYotQ=","zHabr8U9UOe+16A2gKQjyJBP2e28RktWdDamcYeep8U=","7Zr4mZhVlHORyxDyI9bjgRrBhj8Beik8ZvAxTyKO54c=","RsHVYv7O1DMSV1TNRdc9gGaPAPf6gw7qkgWrIUUHdY8=","yRX32VuojvvKdx/xfCBxykHVd7Wnlw1DXXZO5gijC6s=","IcRHG8e4Bh61O1+UKEfXFT7vMPwoy3zGmK5cQ7wMTR4=","biNagG2PsxT1pEhH2hxx8uMFuzyKsQrN29Vij5xU0E0=","RRzpskTxoFXocBBosv2VPN4OWyvKKf6v/eAIJnJdy0Q=","GdxREr/mwIMM5DvSTELQmZQk2358AaYsrDuHPMbZF0Y=","DSCZmtPh5BmhD6SkVJ/NHQyAfJeBWnyQ+1UTZvFWcUs=","x2fqKlbVt4te1fc2rZRDGE5M+eomizpLrvbyY/4pF4E=","/2T6AogSC0NGE8HBcf3uPQrVYg9SwHxXjK0NCAHwnPI=","kPN8mTpL8g9uwjb6c9uzdoliNZzFD9nrGSl3HNWbHJU=","aJ4NGaRsL7cyzOIE+soTapomCOG4IaPnfNjKXhcmCTc=","mlEbu9ilFWtYULK73bfhoGql9GoyKqcyvuA6DEFFAHY=","CwCFYw7wk9v5sYwvtJICtMfxTRYcdFOG5ZUtSUkJ2fY=","yNnj4+BwaCxXxuP4wfRWPzs1oxbHbjdlYO5bom7TxIU=","MLUIP2Oyx2w6DoPFYcbIqoo3r/YtYNDwjSHzAuFf+zE=","Bze9+E10tK0nfJm9elbiK2c+CBPMcHMcBr96lJXEDiM=","eC5fxttdSGgUHqbi9hEugNasg6BHKKdqLmKv42RFOXg=","ew1ypww09xunFuqoPzFSmQZTgyT3qZcYSZ5OKdxx1gg=","TYm0LJ/iqDp4PkEVuqBXy5FEauFX5NUV6dPa3BlpM7Q=","1u3YYhmg9/NKCswesvsGQSCFzhNuLnVdzOBjvD71p3w=","NA7YfFEYEsqvHQGxlYq0rGggIYYHyatnp66yftUuepc=","TrVZvhx/EbT4XOipaa4K6wcywiOv+4fw5+/kIEPwd/Y=","qK+sp7ydRB1pVa37cgI0IMBjEPSBdIu8EaYPpDTiU9w=","5bH+9zQLaXZV1cFjNdRlhVRnuHVygjXd7lq1e5IlkAI=","zgQ4IU3s/gtZ7TTNcUWjRT9hz9qAb/e0A7R1BY9w5dY=","mFwkGbF8VOu3Y5axD07NoxjDv64Zu/lwdgL2dBQZn/4=","95DbbV+MPdRMHUqkFbm9VrTYgRfIdQqREr92x/somuI=","XiOIDLzzVGTHKYFpiMfz3F2Og6HfDdHSF8L9Ti7GR+I=","xRyJAHXhfbvIPnJkfOyC+9db9lmOvMQ0Agh0zNH5df0=","TSNi9BQqIAkDnx58tsQ7uc3QUtpj2UbZP1dqZSX4+K4=","28VyfwdhCiVn2mvOKfs2Gq+i3zs+ICrvzm+UNr1WZ6s=","KEj0a/MZjMgWHDuvmgp9Hr55P9iCwIJJfgxvNSmslg4=","TpTxi+pU2120ml5bq2060Fe/iHM6a//JRDIwPVGA9sw=","YOEC4dOiQy3uW5/6ZAynjaXf4iAqz+ejfrM49/3Nlfw=","njrW1wHWmVplj243QE5s+cUuO2LrH8AQ6dGBExM87/k=","r0I14nmAymaCWC+rsPLh10n979Q5gVIGvvT4Iq6C2Ck=","PDCyO2sfdhummY4AnVyozciknyeMq1z2yZIJZYL36Go=","3//hiAgzTvoZg38pemqTmUGvalBsYvKUdbb7X8aACNg=","hJh5812gvNL2nbycxalY+o/uzyaSOH03pZogGt8xAWs=","jR8iXP1XMH4ZZwhL/rdGJWvKvI+W7AQ8HD+rfyOTzTY=","fI3dJwz2Yq6iCZZtZmoasAJtFIfb6+KpKatpFYewcPM=","xi/Sl7iSDJjXaLEhWaXGMgwVjUO5oeMDuzXz0CAxt9k=","7+zBkm8F3dQqSLl77+RFgb578Z35ewa3P9aG+aRL/V0=","t1wdwHjPcq3loXYFLw7Tt2dJUDVmyIjP3hMLUc9MqW0=","SCh80PQy70JCI+HLIxXdxEtcm6HMUdM1KQkqAKIPuKc=","JV5SJGOTpIJi1frdwv2BTK7gZ4N5LnsCD5GZ5pS6N3Q=","7ijzmw+ysoEZR1dWu9AXgR3IK3CWXyJPJ3NpFIMXBbU=","LKNZ+7dNy6h0hQKngQkwrIiEC5c2iZSGZ8dLRXoETLA=","Un8ZcUoBVQyInjYmKgL965l3fReYKRRMKe9wgAKP3cc=","grRZh3nfa8SZZlWGv+aXhJWv34ZDXKJ+lGKpqhNJqzE=","JyDWyONDmXYSJQ74Auie4splLGzhBphHC0jxB7UhPyQ=","q4Li1ffi3xeLVp6L3sUT8OLyLbYsBeufX1+NIDQe0jc=","EndevkFhlOxPHD57oOs1ija/zoLRYrNbsz/J9rw0Cdg=","itUPWDQFooUTeU33Ac7NpegRiGtBXjgeZ0TVRE0yaGU=","RigRO9USsxNPhoiEghOnLkU5CQg+YIi7okcOyhNTyC8=","KkDwSBqxRm1zVVj6buYBa/1sM/27oRE+Sanh40TnWhw=","m9+16zxvxTslNE1xeN/SEqi2FMGPAH5cjwfNV5N3Cl8=","s4omxT+2HGw82vaLjjuqMTOcmjMpsRHvoYpvc1wiT+A=","SBKaL1IdbcdJICk1yxUjKXWYjS07LOXR6CMzZiPbrJk=","pfHebX2skcOyBP32ABh5GO6YhiILe9rdBvlyC5tK+FQ=","LF/GBpR2ylRKETrqiXwdaIusJWRw+YPikvE/eRGa86c=","hVGdpC/P9GOXdclzitKStiwXTLBBYfwfovrcipW7mls=","E4/XNOCcvWMQBoKx4/OL88/XSSXdHRTBvp/lfHmHQfk=","I0mfr5hn3YzDGSTh1IDgfVwXMxZmsiSeIbWoYwa++qo=","2n4DZgCfdkjL6oLw1KpX/tNk8EXPNXvo8ZlUsLvFJXo=","UQ9RmKwoYHcAu0esMQzYV960r8z+i6uzEJbbir2EM0s=","toyMTPO3cYyOKG5x15mpzWqipJMB0HI5ybmuUvlorLM=","/uKgVbEGShgnW42L0H2c4jo+jBJxnra+/VttfLaKoaA=","1IfagSaSZoGVKQ2j48oo3tLKTZ6fTVSFJAEoIXiJgns=","SQkeKXi6h8OyFmw3V2Tg5nyysNBUDqNkUd3f+e7jWOw=","7EAMbWBM3ibxzVDOcVrbuSkr3vEHiGwh9XoNaMnQcr0=","Sov8OAfrx44H3SwR+sRG2qeSoPTOoi/HR5KpnZYln2g=","iQEYb6vjkUif91GVJuAh/RHcZdZ/9lukV/S/e7rvvHE=","w9UpnRhNJpeNT3daQ1D3Y9k31tmQvUoIR4M0sJct7sQ=","NSkAklIVbavuL1aZN78U77NJNef2fK14goGA1FZKPuI=","Eyz/4B8T3FbQCd5yeCo7a5RI7tTsr6xWiaVqfwQJy4E=","rONMyzbQaOMUfmxhiN/Xn3uUrEL9ju66Fs3rqoJWxZI=","scuaveYg2lvQvoQY7qfpSDqrihAXa6lkP02EU/WoWUo=","Nb/R6OeCdRbZO2Tc8v5upP2bQpS1BQvfmYC8N7QVrtE=","/YjG2CyaBi6Fcjrh+oyNlZtnl/k/D+LE20kqRnXv7qM=","8iykidqZn3OWQrLS3Se6FGu/7m4BhgOI9Sb5koU3Mn8=","Iri/Jj84yztQySaD7o1O+EJlF/Hf2KeOd/oD6+0wRPo=","EfVyUF7cTMO7lIqtcTGZhTo7DU8fHsbt5eNX9cfsv7c=","nIPmByN2v7srdpqmn1nCsePLj3ny8ISBHRy/B9kWEQY=","YxmWkyBxjHDYIB8B5GzuNHDjp/zi5Rzu3AO1CbA6kLc=","DnFvTGSR9CdOVPptc5VCiJHOdTJ65+gu4NidTmtmyP8=","pNoy7Dw+r40bcdP6OQJKivdQfXMKEQjgqmzLVdiNsQ8=","OOpGFXW8NtxbVo7riF8C8Ugu8+uFqN6K9KF/08igl84=","5ZyWOSSnT4BZuSBh8jei77ENQ7gnk8aug3W5zfAkX8A=","2TRI1Y/i/Dx0AzyaKeBqDtYeyP/D/p21oaR202I6ul8=","ZGZ1waexstsqs9X+ucZt/xJBHmw9QIFiPN7LMdNW24M=","ciGSz/zEFuPNJMoNXI3EiZ3bpIJ5+IcOD44f7yqvTPQ=","TAYExhZuKX/GV/qj4hjY1Qwe6QZY74ElYdDtpgwoOZk=","5c3V1e0ry5q4TAafGABGNSmf7A9J8GJUlpFy2tE9moI=","pTMxuHTAriI5ZvTxwnu+COlC0We9nlNCrPUzXl2er/U=","N7Zo/OWSBpNINFl2d9G7/0p6TnhNwB9lW4tspnz1NtY=","60Rt992pdpYLqLYmkBN6ULiHq9pYBB8NM9ZL48Y4Gok=","Vc410njBYYGz210fCpTTGROyuh3SQcbJTMIJzUMGwN4=","/a/YbsDDE2Hcl+S3WHqluPpfgm130s0AyMn8AfEcwaI=","XlVk21kr7uQeSJEf4mUwpBuGbF5FebMSPyk+h1nPWRU=","U0V1oOaUshk5VPdj3tvOpFBmjQJKRyymJwEXUIAB8Hc=","BqSnHv0roq6jjUhOWaTQaTDhq88NfQPYvCjzqjPtgEI=","A0rDHwAT4iO93oLpC/9MAZd5GpMcE45iTkvD8qQWZuY=","zUgoPEg9ZALsD9KUuyMFdJvAHZ54Rp7G4LDFTt0VERg=","Hj1losI+4Md99VEgozwgsbrqQ+pB1OwsKwLD2tp0WU8=","QuP0zlR4mV1eXXuxleNwzYP8a7VFvQAGZxuf/0xm7Po=","CeCkFAiQs8sU/rPyUPO+B3wHg9fcFJbrFVYXYSzpKLk=","EInccGGi5RMe4sMtU1nkuOh9Fupo8BEIgs1dN8u0MVg=","0N5wIvNx/m3WTTBG1FQxMFvscWUJIZ5aCVajbFw1KhU=","Q0w4XhYGR523goWL9ghdyHF0UzWwq0FdNVqtRDvpxBg=","og5yvmcnNFlmk2AiQbPJO1lTSn5o8IqeGknQdKtCrGE=","o2qcq8niZTKIQVhTu5OaVSFUGA0T64Kgr9IPlqISDJU=","mq0bTnrPHMBS9OdyOoN0lfcbOE+bu4NYAyRfUesOx5k=","3MaQXAZvOSj8SrUduaakLjK6bno77z4cvMUUMcqVPlI=","0MXW3gtVAC8Op3CjAI6LVYCEZynYlmpS83vR1394Wo8=","q7UCf2wps7p2XgP8shsx+cc21QCfpve4v4+s9e9zEu8=","1CTub+qJglFboZviT0qPHOfuuoZdyzoJobKyDpecRpw=","nFOqhqoss3hDnSw/X4BqEH4Qlnox3O9EzuGyxHY6bq4=","6+qy/MGQvXIY7x9YP4aERblE7MFZtalAtl6PKWdeODg=","HHKWnnILe2IZuLAxGXnVzl8FDaYS6MFt69aWS4q4ARo=","WTNfyfO0MHVPSdPHIVWaz6tt3wa7hkZcnyruzTnHeiI=","XPclQCdaofjxlnY0ojk8ypQ68rfMB5XVkkcZirjc550=","Y1uw/enHLfMPECiPsYlj2Y31IyD8P0lYlRL48ArwUns=","hM88gfHHBQsjjAIs3Bd4e+/BelBG7XLG0NS/QbbRBT8=","7rJP6DJ/1+KR2O2PIWXPOACiRCpUse5n9BQoqitugOg=","fN7cda0Tw9psocgR5PSQEEggl/J178VIZmWavi3TAZs=","UTILmsm3iQWHJfC54qGIVxJWNH6/e01jJd35vEi45bY=","S48NF7THpILns802THHmpeDW9r2RTURGmOnYcZ1UyqY=","QmcglvFuGGBWSOdXUA+KpcRMUVyrLXTnmpAsFGiNi9I=","7OgkuXT25/HM5NszpxatDzF0g6r5nkLsqYtRe+W5Wlc=","yGhJXq2d3C4v0+qii7cZT68MRWnBQUE1d1xq8f0tlWY=","vLUUdO4yT/Duv4waov4Ng6NJ7vffJzVMTuVBMiHSgP8=","U++QupjeopmJ+uF9Pq37YK67awp4p6ioVPLiVHkeQmQ=","StxTxPm5Am4I3pizIqJ1IoHsAFmZBFxYx7TJa7/tBkQ=","9CB6uDFfWlfTl9rCn+saaAW6oU5nlEQ57QvPjFB9T8I=","4MJU15ldo426F9mm0n9XnrtijWGp+Cuyw++SbIQAt9o=","4qvQRxNuKsaNoYLgCZKHdbHi3wvr0rkuK6QOdUSwHpY=","iUT3sLDQZJkVtUNETaBBgL5LihU85khS33UMZyyUPBw=","okYojD0PqK3s/nW6DWUec0fTreQwkhEn1gmupC+Se3Y=","qz050cx5RENDV27Qy9/P7xA4CCCP1n+h+KHLCteTJaQ=","v5wgyMBATKpT7UE0tbVedIQec+jpWZCQOgz42FXr5BU=","77qU2obF1F3p+TG8dq7mtgFqitDylyjKiFOWfCVniqo=","6mA7/iPvQF43FwvHf/6BVL0FZcCjYr0Gf4xTetW/NGc=","g4hmbTh7dFNJAuSSQFaFgLteNftFs9YYtuqMHH6w5wI=","kjc6j3KDXuhku6jJSq8dhfldHJL988yazKdZu0fWjns=","9EIVGxhRMewMKRvvJ+4A+6PP1UKsvWPM4IsBLcQsugg=","RcglIV47PspLD+PNiAxwVIrYCCKxHhAeg/heeq1XE4U=","W83THyB+HjsE1sEAmNxM/8tWFCxJFnIwIaKpMTg3ucU=","FMsJLJdoecPXd04nHT+SV8zTlUA5LC/1SlH0lWBjMSE=","Jjgdq8+dxyjGjxeOh4WObVM4Rk92G5f3hfXm12K7QqI=","9t6wl6lIi8PLAfOw/6eM9JCCVkFVMBgS0WAmWaGcTNs=","heCn1jAvvoxAnDq8yc9J6dlL0yNTvNsDNAA3s2Qn6v8=","GpGelvYBHTr1yDYEliGDmZJlr0Fky0lbzDztJfz+Pc8=","Nk/pFkCwqGFjZJoL+pP4kTqbYBc2PCxBL0j6L0k5iVU=","kvOUfU7ZBVHTGBNVSgfAE63P9ST6HnylGsdvucKLtS0=","bk0gbwDav1niLdFvABN2nLPXOD2niZaThamLOZYkjb4=","u93+zNx7tTS/ypHc4tTcu88C3SXHWiN80cnIPb/9a2c=","iy+b/+g+QGmAitGZtq+WyXu/DvhdIgSQt2n34u3fc7o=","EvBrfENrdJYJbszrn+q3ztVt4lUG6R6CJV7FtrVFDUI=","NOhujJMkeXbz/1lF7Ov/V2uCm+uY+P/kXvCS7FjoRc8=","AN5kgIO8/kVPI8/K8+YWibmlauNfk8fSgvXd7KBouWQ=","bainAUJfnHom2LV2gACR5EU5GAiquEE+0wPRkL21lRM=","J5c4KbeegP6LG6pWdyFIL4UESD880gCp3P9d1z/6bpU=","ZJnEE8vj5TC0x6T15Dkyv1ZK3AStz1pEA+oNKEMCIZs=","p/MkbctQqFc4dun5Qk7S4QFQTE7Ib7EiWRFXRCl1FLY=","80XO5EdW5smVhV0M3fy4DA78lm+xne/9ZQbYRxIyRvU=","F44l+vMoawbzWTRI79AbZCytckTXOcpl47ftkOlFA60=","4xdauTufSX7bRFNVIBP0Pdf0QNLof+D8vbeI+SjAofE=","nOTSIoog8A2IVWJAGrbLREcAFmF4WXkPIy+ji3NVSyc=","c3KRreMezmlaLXbSsDQa0UXmjIvXyHiMGYM3BYILlko=","oG5FQQBR2pzjxCxPbzYWn1JAk06sjlNuha6bjlbVXmY=","uQN2VEQWjQOW7tDzkZri99sRS7Wi3LVIk1px78TtEVM=","awMicpmZgX+94BP4z5vc1OxWlQM00zWLRADkJgIRbek=","z5k0Qirj2AnoQAVHgxQJ8XWbWzDEASzx9/aSsWc64Jk=","zJ44DwhkG8OvcPGmeImKHQlXkdoTGe1vAKe1VcxlYSc=","QAGqGqOkr0ku4AXmpyt1lDJCL2m2pH59RlxflVKcpBE=","dwN5TiQARftRFMI7udGq2qZkkjtcm4AnMabrLAiYOoc=","pFBLYdCBuPPvQ4ZFx80q6Fanl1eyJe+tenFMmW/tuwI=","3Fr/kHevYDfvgfBOcHPZ0rNAYegWcRTcG4DLXLG2Thc=","0TPfy74TD2eBwLUw8hmPFopwaHm+dNdK2mlx50IgjY0=","UKj949ZBdszO9tvOLQUdTU2y2TYl2K5vfnYCrrA+ZwE=","tFuTVuFFTPj0W7INj+N/tpl1VrKNYnk8BsWNnVVTGcg=","LhWqVi0pqnPzXNbfNaYW32HcHNdgWBXl6cy/Ce0W8SY=","NMrDOjVb7xUWlqfn8zW/1gAjOb+AJ1QSuwogq+Uti2w=","o4UGhm24rfFD3jDywWN+YQVLXGJwGPZB6jL5TUWVccU=","1KcLwLIJQYLJ70y1Jac5WSvF43qiJ8sjBs72UJ1EA4c=","jZuGd8t25p3WQzQpHm0+f57tnfj4EfATrQGfgXyKyqE=","qFDrZZ6ndnDSRI/si9i0tRQjPP2M6q1stskq63OYkaA=","hRoP0GUB7WZAH+PUsp9bAo5RaG0XhtRt1lzoPpAKdVA=","fi48ZsM0zaYBOaeCsSbYrXE9IjYI3Oa3S5PrnCmD5lA=","/VE2OArW+VRH0P6OI5aJb+i1R5E5X14u/p24/O4RjUU=","rOaXJe4EMAYlxveYqgAiQF3whcSyzDaWAQE8+DOlT7Y=","HHGhe42LNctOPIT1q0v1DRFUNOtpfbfDU2d50+Evq58=","VGQZYRsnLca0J8CDC7Y0Hqe4r8n0HtEpY4NgWt9z5Eo=","xc+zoyt2nzsumYKzkzSsj81QF9AUzcjWDrI1VVZ4Mt8=","sSqyWigQ6vfoFzkP1UTMJMJ0CQMnDeQAK9Co6ajTCVc=","9IDz/sDDV59qD8qHuVW+tgE67GQaJhLex/MvGMo5KUY=","kbrmZhFgYPz7BNOsCT3auWQzihSfFxOWg/bEwZCARCo=","xPkYgStqbQ3dJXY9LlaKvpeVDvbBUiQ7+rYVYHzSGiw=","zm7hViVONZGeXqAhLvW+gxROuzARmFh27nvOVSKHGX8=","CUUP/GA355OAjAv1oQ8ZPM6WDSr8O3RTi04Bd1JfsVU=","5PZa9lKg1pw8rP7ULQ3Fs5N8YeCplgRv0RcwH7W+2Ko=","WHuiIySp6LAn3mipUR4rTcOeLZE10TcJb2i6iqv0zcM=","AUedtwpJCRc1dpFS2jPJeUzFxdzI/5aX53iLMcqJhvM=","TNIbf/4KAjwqWobDpM52nhnE2wqH5Xo6TI0mq2y7grs=","w4XEBzRYH+B5+qTPptJU996jrDZx3UQT7YFIkq7OSQo=","vNgqZiVgZTD6RtJYmXv1xV7akfqgF1rvnOuwJUkuw98=","1l75DQbpE8a5ZYUB02MEji5+gff5wgO2p6to0WLUHX4=","m3MgloFrV5iglG13Ajv4x0Uq2o/oUPLypLGFii7JAk4=","EJxtSAKLlGlI6aZHNKqpF28tLyP1fwgFxS9i1qasRho=","J6n48/yJN+v87MPYIu/1g5c53PDdMjp9OydufssvPEY=","xwv2DfA9S/oacx3oKiIVr7UaXynGq3xBxrOnO/LT8P4=","aBA9r3lf92cGd970QedqbezX6OYCPMGcQ4s0tdIbTrc=","37GN+lhA2FG3NggFM0rpqOeyXYjQ+3MvUZaA3Lmf2kY=","WaZoAkcne2B13I9e07w+SDvWgH84P1qSEiz7QXeEm0Y="],"block_size":4096,"path":"vendor/eslint/eslint.js"},{"block_hashes":["24Py7eZ/Ns+rHqByHqLul1FYY+mmU0aIHzBeQwRRzJE="],"block_size":4096,"path":"vendor/eslint/LICENSE"},{"block_hashes":["2OzJE67HFmwKeSveACqyqI85jVeUevEponAq57C3W1c=","cpmV/g1CsDvU72A9MeuWSsBhJercKess4+mR6b6bDJY=","WC92NkuDlol9GW6eRCWqmf8s62PaxpymwuzpvkeufiQ="],"block_size":4096,"path":"vendor/jsdiff/diff.js"},{"block_hashes":["gmH+hZuy4YrSQjfRZ3s0a1tS52A/XAqxNMkV0S1UsB4="],"block_size":4096,"path":"vendor/saveas/filesaver.js"},{"block_hashes":["rN/SSo5akzBVMmsjWwhhH3WbpOIA1CpFWluN/TZ2sec="],"block_size":4096,"path":"vendor/saveas/LICENSE.md"}],"version":2}